Day,Weekday,Platform,Content,Format,Pillar,Objective
1,Mon,YouTube,Anchor: We read our own label out loud,Long-form 7 min,Plain Labels,Education + trust
2,Tue,-,Quiet day,-,-,-
3,Wed,Instagram,What magnesium glycinate does - in 40 seconds,Carousel (5),Plain Labels,Saves + education
4,Thu,Instagram,Night 1 of 10 - the landing film,Reel 25s,The Landing,Awareness
5,Fri,Instagram,Ask us about the label - answers to the week's questions,Stories Q&A,Plain Labels,Engagement
6,Sat,WhatsApp + e-mail,Night 5 check-in: what time did your evening end today?,Plain-text note,After Hours,Retention
7,Sun,-,Quiet day,-,-,-
8,Mon,YouTube,"Anchor: Why this is not a sleeping pill - the mechanism, plainly explained",Long-form 6 min,Plain Labels,Trust + consideration
9,Tue,Instagram,Six things we refuse to say about our own product,Carousel (6),We Won't,Differentiation + shares
10,Wed,-,Quiet day,-,-,-
11,Thu,Instagram,"The shelf - customers' own night notes, unranked",Carousel (6),Quiet Proof,Trust + shares
12,Fri,Instagram,Short cut of Monday's anchor,Short 45s,Plain Labels,Reach
13,Sat,WhatsApp + e-mail,"Night 10: one thing which changed, one thing which did not",Plain-text note + referral link,Quiet Proof,Advocacy + referral
14,Sun,-,Quiet day,-,-,-
